Study Case;pload;qload;Wind_p;PV_p;RES_p;Slack_vm
hL;1;1;0;0;0;1.035
n1;1;1;0;0;0;1.035
hW;1;1;1;0.8;1;1.035
hPV;1;1;0.85;0.95;1;1.035
lW;0.1;0.122543;1;0.8;1;1.015
lPV;0.1;0.122543;0.85;0.95;1;1.015
